from_email,to_email,cc_email,date,ts,subject,body_html,category
atirek@brightwavelabs.com,people@brightwavelabs.com,atirek@brightwavelabs.com,2026-03-04,2026-03-04T15:45:00,Fwd: Team onboarding - AI Workshops,"<div style=""font-family:Arial,sans-serif;font-size:14px""><p>Hi People Team,</p><p>Please note the following resources are being onboarded to <b>AI Workshops</b> (Brightwave Labs) effective <b>2026-03-04</b>.</p><table style=""border-collapse:collapse;margin:10px 0""><tr style=""background:#f5f5f5""><th style=""padding:4px 12px;border:1px solid #ddd"">Name</th><th style=""padding:4px 12px;border:1px solid #ddd"">Project</th><th style=""padding:4px 12px;border:1px solid #ddd"">Start Date</th></tr><tr><td style=""padding:4px 12px;border:1px solid #ddd"">Sumit</td><td style=""padding:4px 12px;border:1px solid #ddd"">AI Workshops</td><td style=""padding:4px 12px;border:1px solid #ddd"">2026-03-04</td></tr><tr><td style=""padding:4px 12px;border:1px solid #ddd"">Deepak</td><td style=""padding:4px 12px;border:1px solid #ddd"">AI Workshops</td><td style=""padding:4px 12px;border:1px solid #ddd"">2026-03-04</td></tr></table><hr style=""border:none;border-top:1px solid #ccc""><p style=""color:#666;font-size:12px"">---------- Forwarded message ----------<br>From: Atirek &lt;atirek@brightwavelabs.com&gt;<br>Subject: Resource confirmation - AI Workshops</p><p>Please confirm the above for AI Workshops.</p><p>Regards,<br>Atirek</p></div>",assignment
atirek@brightwavelabs.com,people@brightwavelabs.com,atirek@brightwavelabs.com,2026-03-04,2026-03-04T11:30:00,Fwd: Team onboarding - AI Workshops,"<div style=""font-family:Arial,sans-serif;font-size:14px""><p>Hi People Team,</p><p>Please note the following resources are being onboarded to <b>AI Workshops</b> (Brightwave Labs) effective <b>2026-03-04</b>.</p><table style=""border-collapse:collapse;margin:10px 0""><tr style=""background:#f5f5f5""><th style=""padding:4px 12px;border:1px solid #ddd"">Name</th><th style=""padding:4px 12px;border:1px solid #ddd"">Project</th><th style=""padding:4px 12px;border:1px solid #ddd"">Start Date</th></tr><tr><td style=""padding:4px 12px;border:1px solid #ddd"">Sidharth</td><td style=""padding:4px 12px;border:1px solid #ddd"">AI Workshops</td><td style=""padding:4px 12px;border:1px solid #ddd"">2026-03-04</td></tr><tr><td style=""padding:4px 12px;border:1px solid #ddd"">Vishnu Nair</td><td style=""padding:4px 12px;border:1px solid #ddd"">AI Workshops</td><td style=""padding:4px 12px;border:1px solid #ddd"">2026-03-04</td></tr></table><hr style=""border:none;border-top:1px solid #ccc""><p style=""color:#666;font-size:12px"">---------- Forwarded message ----------<br>From: Atirek &lt;atirek@brightwavelabs.com&gt;<br>Subject: Resource confirmation - AI Workshops</p><p>Please confirm the above for AI Workshops.</p><p>Regards,<br>Atirek</p></div>",assignment
atirek@brightwavelabs.com,people@brightwavelabs.com,atirek@brightwavelabs.com,2026-03-04,2026-03-04T09:19:00,Fwd: Team onboarding - AI Workshops,"<div style=""font-family:Arial,sans-serif;font-size:14px""><p>Hi People Team,</p><p>Please note the following resources are being onboarded to <b>AI Workshops</b> (Brightwave Labs) effective <b>2026-03-04</b>.</p><table style=""border-collapse:collapse;margin:10px 0""><tr style=""background:#f5f5f5""><th style=""padding:4px 12px;border:1px solid #ddd"">Name</th><th style=""padding:4px 12px;border:1px solid #ddd"">Project</th><th style=""padding:4px 12px;border:1px solid #ddd"">Start Date</th></tr><tr><td style=""padding:4px 12px;border:1px solid #ddd"">Sankalp</td><td style=""padding:4px 12px;border:1px solid #ddd"">AI Workshops</td><td style=""padding:4px 12px;border:1px solid #ddd"">2026-03-04</td></tr><tr><td style=""padding:4px 12px;border:1px solid #ddd"">Pranav</td><td style=""padding:4px 12px;border:1px solid #ddd"">AI Workshops</td><td style=""padding:4px 12px;border:1px solid #ddd"">2026-03-04</td></tr></table><hr style=""border:none;border-top:1px solid #ccc""><p style=""color:#666;font-size:12px"">---------- Forwarded message ----------<br>From: Atirek &lt;atirek@brightwavelabs.com&gt;<br>Subject: Resource confirmation - AI Workshops</p><p>Please confirm the above for AI Workshops.</p><p>Regards,<br>Atirek</p></div>",assignment
anand@brightwavelabs.com,people@brightwavelabs.com,clientmanager@bettercroft.com,2026-03-02,2026-03-02T12:53:00,Fwd: Team onboarding - Bettercroft,"<div style=""font-family:Arial,sans-serif;font-size:14px""><p>Hi People Team,</p><p>Please note the following resources are being onboarded to <b>Bettercroft - CRM</b> (Bettercroft) effective <b>2026-03-02</b>.</p><table style=""border-collapse:collapse;margin:10px 0""><tr style=""background:#f5f5f5""><th style=""padding:4px 12px;border:1px solid #ddd"">Name</th><th style=""padding:4px 12px;border:1px solid #ddd"">Project</th><th style=""padding:4px 12px;border:1px solid #ddd"">Start Date</th></tr><tr><td style=""padding:4px 12px;border:1px solid #ddd"">Abhishek</td><td style=""padding:4px 12px;border:1px solid #ddd"">Bettercroft - CRM</td><td style=""padding:4px 12px;border:1px solid #ddd"">2026-03-02</td></tr><tr><td style=""padding:4px 12px;border:1px solid #ddd"">Hrishabh</td><td style=""padding:4px 12px;border:1px solid #ddd"">Bettercroft - CRM</td><td style=""padding:4px 12px;border:1px solid #ddd"">2026-03-02</td></tr><tr><td style=""padding:4px 12px;border:1px solid #ddd"">Sagar</td><td style=""padding:4px 12px;border:1px solid #ddd"">Bettercroft - CRM</td><td style=""padding:4px 12px;border:1px solid #ddd"">2026-03-02</td></tr><tr><td style=""padding:4px 12px;border:1px solid #ddd"">Arihant</td><td style=""padding:4px 12px;border:1px solid #ddd"">Bettercroft - CRM</td><td style=""padding:4px 12px;border:1px solid #ddd"">2026-03-02</td></tr></table><hr style=""border:none;border-top:1px solid #ccc""><p style=""color:#666;font-size:12px"">---------- Forwarded message ----------<br>From: Kiran &lt;clientmanager@bettercroft.com&gt;<br>Subject: Resource confirmation - Bettercroft</p><p>Please confirm the above for Bettercroft.</p><p>Regards,<br>Kiran</p></div>",assignment
anand@brightwavelabs.com,people@brightwavelabs.com,clientmanager@bettercroft.com,2026-03-02,2026-03-02T09:44:00,Fwd: Team onboarding - Bettercroft - CRM,"<div style=""font-family:Arial,sans-serif;font-size:14px""><p>Hi People Team,</p><p>Please note the following resources are being onboarded to <b>Bettercroft - CRM</b> (Bettercroft) effective <b>2026-03-02</b>.</p><table style=""border-collapse:collapse;margin:10px 0""><tr style=""background:#f5f5f5""><th style=""padding:4px 12px;border:1px solid #ddd"">Name</th><th style=""padding:4px 12px;border:1px solid #ddd"">Project</th><th style=""padding:4px 12px;border:1px solid #ddd"">Start Date</th></tr><tr><td style=""padding:4px 12px;border:1px solid #ddd"">Tushar</td><td style=""padding:4px 12px;border:1px solid #ddd"">Bettercroft - CRM</td><td style=""padding:4px 12px;border:1px solid #ddd"">2026-03-02</td></tr><tr><td style=""padding:4px 12px;border:1px solid #ddd"">Rajat Tomar</td><td style=""padding:4px 12px;border:1px solid #ddd"">Bettercroft - CRM</td><td style=""padding:4px 12px;border:1px solid #ddd"">2026-03-02</td></tr><tr><td style=""padding:4px 12px;border:1px solid #ddd"">Sahil</td><td style=""padding:4px 12px;border:1px solid #ddd"">Bettercroft - CRM</td><td style=""padding:4px 12px;border:1px solid #ddd"">2026-03-02</td></tr><tr><td style=""padding:4px 12px;border:1px solid #ddd"">Mahesh Lal</td><td style=""padding:4px 12px;border:1px solid #ddd"">Bettercroft - CRM</td><td style=""padding:4px 12px;border:1px solid #ddd"">2026-03-02</td></tr></table><hr style=""border:none;border-top:1px solid #ccc""><p style=""color:#666;font-size:12px"">---------- Forwarded message ----------<br>From: Kiran &lt;clientmanager@bettercroft.com&gt;<br>Subject: Resource confirmation - Bettercroft - CRM</p><p>Please confirm the above for Bettercroft - CRM.</p><p>Regards,<br>Kiran</p></div>",assignment
anand@brightwavelabs.com,people@brightwavelabs.com,clientmanager@bettercroft.com,2026-03-02,2026-03-02T09:14:00,Fwd: Team onboarding - Bettercroft,"<div style=""font-family:Arial,sans-serif;font-size:14px""><p>Hi People Team,</p><p>Please note the following resources are being onboarded to <b>Bettercroft - CRM</b> (Bettercroft) effective <b>2026-03-02</b>.</p><table style=""border-collapse:collapse;margin:10px 0""><tr style=""background:#f5f5f5""><th style=""padding:4px 12px;border:1px solid #ddd"">Name</th><th style=""padding:4px 12px;border:1px solid #ddd"">Project</th><th style=""padding:4px 12px;border:1px solid #ddd"">Start Date</th></tr><tr><td style=""padding:4px 12px;border:1px solid #ddd"">Jay</td><td style=""padding:4px 12px;border:1px solid #ddd"">Bettercroft - CRM</td><td style=""padding:4px 12px;border:1px solid #ddd"">2026-03-02</td></tr><tr><td style=""padding:4px 12px;border:1px solid #ddd"">Neel Chavan</td><td style=""padding:4px 12px;border:1px solid #ddd"">Bettercroft - CRM</td><td style=""padding:4px 12px;border:1px solid #ddd"">2026-03-02</td></tr><tr><td style=""padding:4px 12px;border:1px solid #ddd"">Pranav</td><td style=""padding:4px 12px;border:1px solid #ddd"">Bettercroft - CRM</td><td style=""padding:4px 12px;border:1px solid #ddd"">2026-03-02</td></tr><tr><td style=""padding:4px 12px;border:1px solid #ddd"">Pranjal</td><td style=""padding:4px 12px;border:1px solid #ddd"">Bettercroft - CRM</td><td style=""padding:4px 12px;border:1px solid #ddd"">2026-03-02</td></tr></table><hr style=""border:none;border-top:1px solid #ccc""><p style=""color:#666;font-size:12px"">---------- Forwarded message ----------<br>From: Kiran &lt;clientmanager@bettercroft.com&gt;<br>Subject: Resource confirmation - Bettercroft</p><p>Please confirm the above for Bettercroft.</p><p>Regards,<br>Kiran</p></div>",assignment
atirek@brightwavelabs.com,people@brightwavelabs.com,clientmanager@nimbus.com,2026-03-03,2026-03-03T13:48:00,Fwd: Team onboarding - Nimbus Ether,"<div style=""font-family:Arial,sans-serif;font-size:14px""><p>Hi People Team,</p><p>Please note the following resources are being onboarded to <b>Nimbus Ether</b> (Nimbus) effective <b>2026-03-03</b>.</p><table style=""border-collapse:collapse;margin:10px 0""><tr style=""background:#f5f5f5""><th style=""padding:4px 12px;border:1px solid #ddd"">Name</th><th style=""padding:4px 12px;border:1px solid #ddd"">Project</th><th style=""padding:4px 12px;border:1px solid #ddd"">Start Date</th></tr><tr><td style=""padding:4px 12px;border:1px solid #ddd"">Shreyas Barhanpurkar</td><td style=""padding:4px 12px;border:1px solid #ddd"">Nimbus Ether</td><td style=""padding:4px 12px;border:1px solid #ddd"">2026-03-03</td></tr><tr><td style=""padding:4px 12px;border:1px solid #ddd"">Vineet Singhal</td><td style=""padding:4px 12px;border:1px solid #ddd"">Nimbus Ether</td><td style=""padding:4px 12px;border:1px solid #ddd"">2026-03-03</td></tr><tr><td style=""padding:4px 12px;border:1px solid #ddd"">Vivek Agrawal</td><td style=""padding:4px 12px;border:1px solid #ddd"">Nimbus Ether</td><td style=""padding:4px 12px;border:1px solid #ddd"">2026-03-03</td></tr><tr><td style=""padding:4px 12px;border:1px solid #ddd"">Nupur</td><td style=""padding:4px 12px;border:1px solid #ddd"">Nimbus Ether</td><td style=""padding:4px 12px;border:1px solid #ddd"">2026-03-03</td></tr><tr><td style=""padding:4px 12px;border:1px solid #ddd"">Shreekant</td><td style=""padding:4px 12px;border:1px solid #ddd"">Nimbus Ether</td><td style=""padding:4px 12px;border:1px solid #ddd"">2026-03-03</td></tr></table><hr style=""border:none;border-top:1px solid #ccc""><p style=""color:#666;font-size:12px"">---------- Forwarded message ----------<br>From: Client Manager &lt;clientmanager@nimbus.com&gt;<br>Subject: Resource confirmation - Nimbus Ether</p><p>Please confirm the above for Nimbus Ether.</p><p>Regards,<br>Client Manager</p></div>",assignment
anand@brightwavelabs.com,people@brightwavelabs.com,clientmanager@wellnest.com,2026-03-04,2026-03-04T13:09:00,Fwd: Team onboarding - Wellnest Notify,"<div style=""font-family:Arial,sans-serif;font-size:14px""><p>Hi People Team,</p><p>Please note the following resources are being onboarded to <b>Wellnest Notify</b> (Wellnest) effective <b>2026-03-04</b>.</p><table style=""border-collapse:collapse;margin:10px 0""><tr style=""background:#f5f5f5""><th style=""padding:4px 12px;border:1px solid #ddd"">Name</th><th style=""padding:4px 12px;border:1px solid #ddd"">Project</th><th style=""padding:4px 12px;border:1px solid #ddd"">Start Date</th></tr><tr><td style=""padding:4px 12px;border:1px solid #ddd"">Priyanka</td><td style=""padding:4px 12px;border:1px solid #ddd"">Wellnest Notify</td><td style=""padding:4px 12px;border:1px solid #ddd"">2026-03-04</td></tr><tr><td style=""padding:4px 12px;border:1px solid #ddd"">Pathik</td><td style=""padding:4px 12px;border:1px solid #ddd"">Wellnest Notify</td><td style=""padding:4px 12px;border:1px solid #ddd"">2026-03-04</td></tr></table><hr style=""border:none;border-top:1px solid #ccc""><p style=""color:#666;font-size:12px"">---------- Forwarded message ----------<br>From: Client Manager &lt;clientmanager@wellnest.com&gt;<br>Subject: Resource confirmation - Wellnest Notify</p><p>Please confirm the above for Wellnest Notify.</p><p>Regards,<br>Client Manager</p></div>",assignment
atirek@brightwavelabs.com,people@brightwavelabs.com,clientmanager@mobiscape.com,2026-03-03,2026-03-03T12:00:00,Fwd: Team onboarding - Mobiscape,"<div style=""font-family:Arial,sans-serif;font-size:14px""><p>Hi People Team,</p><p>Please note the following resources are being onboarded to <b>Mobiscape - Apple Stream</b> (Mobiscape) effective <b>2026-03-03</b>.</p><table style=""border-collapse:collapse;margin:10px 0""><tr style=""background:#f5f5f5""><th style=""padding:4px 12px;border:1px solid #ddd"">Name</th><th style=""padding:4px 12px;border:1px solid #ddd"">Project</th><th style=""padding:4px 12px;border:1px solid #ddd"">Start Date</th></tr><tr><td style=""padding:4px 12px;border:1px solid #ddd"">Aditya</td><td style=""padding:4px 12px;border:1px solid #ddd"">Mobiscape - Apple Stream</td><td style=""padding:4px 12px;border:1px solid #ddd"">2026-03-03</td></tr><tr><td style=""padding:4px 12px;border:1px solid #ddd"">Abhimanyu Patil</td><td style=""padding:4px 12px;border:1px solid #ddd"">Mobiscape - Apple Stream</td><td style=""padding:4px 12px;border:1px solid #ddd"">2026-03-03</td></tr></table><hr style=""border:none;border-top:1px solid #ccc""><p style=""color:#666;font-size:12px"">---------- Forwarded message ----------<br>From: Client Manager &lt;clientmanager@mobiscape.com&gt;<br>Subject: Resource confirmation - Mobiscape</p><p>Please confirm the above for Mobiscape.</p><p>Regards,<br>Client Manager</p></div>",assignment
atirek@brightwavelabs.com,people@brightwavelabs.com,clientmanager@mobiscape.com,2026-03-04,2026-03-04T11:18:00,Fwd: Utkarsh joining Mobiscape - PII/PHI Detection,"<div style=""font-family:Arial,sans-serif;font-size:14px""><p>Hi People Team,</p><p>Please note the following resource is being onboarded to <b>Mobiscape - PII/PHI Detection</b> (Mobiscape) effective <b>2026-03-04</b>.</p><table style=""border-collapse:collapse;margin:10px 0""><tr style=""background:#f5f5f5""><th style=""padding:4px 12px;border:1px solid #ddd"">Name</th><th style=""padding:4px 12px;border:1px solid #ddd"">Project</th><th style=""padding:4px 12px;border:1px solid #ddd"">Start Date</th></tr><tr><td style=""padding:4px 12px;border:1px solid #ddd"">Utkarsh</td><td style=""padding:4px 12px;border:1px solid #ddd"">Mobiscape - PII/PHI Detection</td><td style=""padding:4px 12px;border:1px solid #ddd"">2026-03-04</td></tr></table><hr style=""border:none;border-top:1px solid #ccc""><p style=""color:#666;font-size:12px"">---------- Forwarded message ----------<br>From: Client Manager &lt;clientmanager@mobiscape.com&gt;<br>Subject: Resource confirmation - Mobiscape - PII/PHI Detection</p><p>Please confirm the above for Mobiscape - PII/PHI Detection.</p><p>Regards,<br>Client Manager</p></div>",assignment
anand@brightwavelabs.com,people@brightwavelabs.com,clientmanager@summitcapital.com,2026-03-03,2026-03-03T11:22:00,Fwd: Team onboarding - Summit Capital,"<div style=""font-family:Arial,sans-serif;font-size:14px""><p>Hi People Team,</p><p>Please note the following resources are being onboarded to <b>Summit Capital - Main</b> (Summit) effective <b>2026-03-03</b>.</p><table style=""border-collapse:collapse;margin:10px 0""><tr style=""background:#f5f5f5""><th style=""padding:4px 12px;border:1px solid #ddd"">Name</th><th style=""padding:4px 12px;border:1px solid #ddd"">Project</th><th style=""padding:4px 12px;border:1px solid #ddd"">Start Date</th></tr><tr><td style=""padding:4px 12px;border:1px solid #ddd"">Saunak</td><td style=""padding:4px 12px;border:1px solid #ddd"">Summit Capital - Main</td><td style=""padding:4px 12px;border:1px solid #ddd"">2026-03-03</td></tr><tr><td style=""padding:4px 12px;border:1px solid #ddd"">Ajitem Sahasrabuddhe</td><td style=""padding:4px 12px;border:1px solid #ddd"">Summit Capital - Main</td><td style=""padding:4px 12px;border:1px solid #ddd"">2026-03-03</td></tr></table><hr style=""border:none;border-top:1px solid #ccc""><p style=""color:#666;font-size:12px"">---------- Forwarded message ----------<br>From: Client Manager &lt;clientmanager@summitcapital.com&gt;<br>Subject: Resource confirmation - Summit Capital</p><p>Please confirm the above for Summit Capital.</p><p>Regards,<br>Client Manager</p></div>",assignment
anand@brightwavelabs.com,people@brightwavelabs.com,clientmanager@quotera.com,2026-03-03,2026-03-03T17:46:00,Fwd: Team onboarding - Quotera,"<div style=""font-family:Arial,sans-serif;font-size:14px""><p>Hi People Team,</p><p>Please note the following resources are being onboarded to <b>Quotera</b> (Quotera) effective <b>2026-03-03</b>.</p><table style=""border-collapse:collapse;margin:10px 0""><tr style=""background:#f5f5f5""><th style=""padding:4px 12px;border:1px solid #ddd"">Name</th><th style=""padding:4px 12px;border:1px solid #ddd"">Project</th><th style=""padding:4px 12px;border:1px solid #ddd"">Start Date</th></tr><tr><td style=""padding:4px 12px;border:1px solid #ddd"">Saunak Adhikari</td><td style=""padding:4px 12px;border:1px solid #ddd"">Quotera</td><td style=""padding:4px 12px;border:1px solid #ddd"">2026-03-03</td></tr><tr><td style=""padding:4px 12px;border:1px solid #ddd"">Mayank</td><td style=""padding:4px 12px;border:1px solid #ddd"">Quotera</td><td style=""padding:4px 12px;border:1px solid #ddd"">2026-03-03</td></tr><tr><td style=""padding:4px 12px;border:1px solid #ddd"">Chaitrali</td><td style=""padding:4px 12px;border:1px solid #ddd"">Quotera</td><td style=""padding:4px 12px;border:1px solid #ddd"">2026-03-03</td></tr><tr><td style=""padding:4px 12px;border:1px solid #ddd"">Rahul Verma</td><td style=""padding:4px 12px;border:1px solid #ddd"">Quotera</td><td style=""padding:4px 12px;border:1px solid #ddd"">2026-03-03</td></tr></table><hr style=""border:none;border-top:1px solid #ccc""><p style=""color:#666;font-size:12px"">---------- Forwarded message ----------<br>From: Client Manager &lt;clientmanager@quotera.com&gt;<br>Subject: Resource confirmation - Quotera</p><p>Please confirm the above for Quotera.</p><p>Regards,<br>Client Manager</p></div>",assignment
anand@brightwavelabs.com,people@brightwavelabs.com,clientmanager@quotera.com,2026-03-03,2026-03-03T15:49:00,Fwd: Team onboarding - Quotera,"<div style=""font-family:Arial,sans-serif;font-size:14px""><p>Hi People Team,</p><p>Please note the following resources are being onboarded to <b>Quotera</b> (Quotera) effective <b>2026-03-03</b>.</p><table style=""border-collapse:collapse;margin:10px 0""><tr style=""background:#f5f5f5""><th style=""padding:4px 12px;border:1px solid #ddd"">Name</th><th style=""padding:4px 12px;border:1px solid #ddd"">Project</th><th style=""padding:4px 12px;border:1px solid #ddd"">Start Date</th></tr><tr><td style=""padding:4px 12px;border:1px solid #ddd"">Pranay</td><td style=""padding:4px 12px;border:1px solid #ddd"">Quotera</td><td style=""padding:4px 12px;border:1px solid #ddd"">2026-03-03</td></tr><tr><td style=""padding:4px 12px;border:1px solid #ddd"">Mahesh Lal</td><td style=""padding:4px 12px;border:1px solid #ddd"">Quotera</td><td style=""padding:4px 12px;border:1px solid #ddd"">2026-03-03</td></tr><tr><td style=""padding:4px 12px;border:1px solid #ddd"">Navsheel Biral</td><td style=""padding:4px 12px;border:1px solid #ddd"">Quotera</td><td style=""padding:4px 12px;border:1px solid #ddd"">2026-03-03</td></tr><tr><td style=""padding:4px 12px;border:1px solid #ddd"">Allay</td><td style=""padding:4px 12px;border:1px solid #ddd"">Quotera</td><td style=""padding:4px 12px;border:1px solid #ddd"">2026-03-03</td></tr></table><hr style=""border:none;border-top:1px solid #ccc""><p style=""color:#666;font-size:12px"">---------- Forwarded message ----------<br>From: Client Manager &lt;clientmanager@quotera.com&gt;<br>Subject: Resource confirmation - Quotera</p><p>Please confirm the above for Quotera.</p><p>Regards,<br>Client Manager</p></div>",assignment
atirek@brightwavelabs.com,people@brightwavelabs.com,clientmanager@summitcapital.com,2026-03-04,2026-03-04T13:39:00,Fwd: Team onboarding - Summit Capital - Sprout Stream,"<div style=""font-family:Arial,sans-serif;font-size:14px""><p>Hi People Team,</p><p>Please note the following resources are being onboarded to <b>Summit Capital - Sprout Stream</b> (Summit) effective <b>2026-03-04</b>.</p><table style=""border-collapse:collapse;margin:10px 0""><tr style=""background:#f5f5f5""><th style=""padding:4px 12px;border:1px solid #ddd"">Name</th><th style=""padding:4px 12px;border:1px solid #ddd"">Project</th><th style=""padding:4px 12px;border:1px solid #ddd"">Start Date</th></tr><tr><td style=""padding:4px 12px;border:1px solid #ddd"">Aneesh</td><td style=""padding:4px 12px;border:1px solid #ddd"">Summit Capital - Sprout Stream</td><td style=""padding:4px 12px;border:1px solid #ddd"">2026-03-04</td></tr><tr><td style=""padding:4px 12px;border:1px solid #ddd"">Mayur Barge</td><td style=""padding:4px 12px;border:1px solid #ddd"">Summit Capital - Sprout Stream</td><td style=""padding:4px 12px;border:1px solid #ddd"">2026-03-04</td></tr></table><hr style=""border:none;border-top:1px solid #ccc""><p style=""color:#666;font-size:12px"">---------- Forwarded message ----------<br>From: Client Manager &lt;clientmanager@summitcapital.com&gt;<br>Subject: Resource confirmation - Summit Capital - Sprout Stream</p><p>Please confirm the above for Summit Capital - Sprout Stream.</p><p>Regards,<br>Client Manager</p></div>",assignment
anand@brightwavelabs.com,people@brightwavelabs.com,clientmanager@summitcapital.com,2026-03-02,2026-03-02T12:07:00,Fwd: Team onboarding - Summit Capital - Migration Admin Apps,"<div style=""font-family:Arial,sans-serif;font-size:14px""><p>Hi People Team,</p><p>Please note the following resources are being onboarded to <b>Summit Capital - Migration Admin Apps</b> (Summit) effective <b>2026-03-02</b>.</p><table style=""border-collapse:collapse;margin:10px 0""><tr style=""background:#f5f5f5""><th style=""padding:4px 12px;border:1px solid #ddd"">Name</th><th style=""padding:4px 12px;border:1px solid #ddd"">Project</th><th style=""padding:4px 12px;border:1px solid #ddd"">Start Date</th></tr><tr><td style=""padding:4px 12px;border:1px solid #ddd"">Shubham Shukla</td><td style=""padding:4px 12px;border:1px solid #ddd"">Summit Capital - Migration Admin Apps</td><td style=""padding:4px 12px;border:1px solid #ddd"">2026-03-02</td></tr><tr><td style=""padding:4px 12px;border:1px solid #ddd"">Priya</td><td style=""padding:4px 12px;border:1px solid #ddd"">Summit Capital - Migration Admin Apps</td><td style=""padding:4px 12px;border:1px solid #ddd"">2026-03-02</td></tr></table><hr style=""border:none;border-top:1px solid #ccc""><p style=""color:#666;font-size:12px"">---------- Forwarded message ----------<br>From: Client Manager &lt;clientmanager@summitcapital.com&gt;<br>Subject: Resource confirmation - Summit Capital - Migration Admin Apps</p><p>Please confirm the above for Summit Capital - Migration Admin Apps.</p><p>Regards,<br>Client Manager</p></div>",assignment
anand@brightwavelabs.com,people@brightwavelabs.com,clientmanager@summitcapital.com,2026-03-02,2026-03-02T08:06:00,Fwd: Team onboarding - Summit Capital,"<div style=""font-family:Arial,sans-serif;font-size:14px""><p>Hi People Team,</p><p>Please note the following resources are being onboarded to <b>Summit Capital - Migration Admin Apps</b> (Summit) effective <b>2026-03-02</b>.</p><table style=""border-collapse:collapse;margin:10px 0""><tr style=""background:#f5f5f5""><th style=""padding:4px 12px;border:1px solid #ddd"">Name</th><th style=""padding:4px 12px;border:1px solid #ddd"">Project</th><th style=""padding:4px 12px;border:1px solid #ddd"">Start Date</th></tr><tr><td style=""padding:4px 12px;border:1px solid #ddd"">Prachi</td><td style=""padding:4px 12px;border:1px solid #ddd"">Summit Capital - Migration Admin Apps</td><td style=""padding:4px 12px;border:1px solid #ddd"">2026-03-02</td></tr><tr><td style=""padding:4px 12px;border:1px solid #ddd"">Imran</td><td style=""padding:4px 12px;border:1px solid #ddd"">Summit Capital - Migration Admin Apps</td><td style=""padding:4px 12px;border:1px solid #ddd"">2026-03-02</td></tr></table><hr style=""border:none;border-top:1px solid #ccc""><p style=""color:#666;font-size:12px"">---------- Forwarded message ----------<br>From: Client Manager &lt;clientmanager@summitcapital.com&gt;<br>Subject: Resource confirmation - Summit Capital</p><p>Please confirm the above for Summit Capital.</p><p>Regards,<br>Client Manager</p></div>",assignment
atirek@brightwavelabs.com,people@brightwavelabs.com,clientmanager@theledger.com,2026-03-04,2026-03-04T16:19:00,Fwd: Team onboarding - Ledger - Ads,"<div style=""font-family:Arial,sans-serif;font-size:14px""><p>Hi People Team,</p><p>Please note the following resources are being onboarded to <b>Ledger - Ads</b> (Ledger) effective <b>2026-03-04</b>.</p><table style=""border-collapse:collapse;margin:10px 0""><tr style=""background:#f5f5f5""><th style=""padding:4px 12px;border:1px solid #ddd"">Name</th><th style=""padding:4px 12px;border:1px solid #ddd"">Project</th><th style=""padding:4px 12px;border:1px solid #ddd"">Start Date</th></tr><tr><td style=""padding:4px 12px;border:1px solid #ddd"">Rahul</td><td style=""padding:4px 12px;border:1px solid #ddd"">Ledger - Ads</td><td style=""padding:4px 12px;border:1px solid #ddd"">2026-03-04</td></tr><tr><td style=""padding:4px 12px;border:1px solid #ddd"">Sagar Sahasrabuddhe</td><td style=""padding:4px 12px;border:1px solid #ddd"">Ledger - Ads</td><td style=""padding:4px 12px;border:1px solid #ddd"">2026-03-04</td></tr><tr><td style=""padding:4px 12px;border:1px solid #ddd"">Mahesh Lal</td><td style=""padding:4px 12px;border:1px solid #ddd"">Ledger - Ads</td><td style=""padding:4px 12px;border:1px solid #ddd"">2026-03-04</td></tr></table><hr style=""border:none;border-top:1px solid #ccc""><p style=""color:#666;font-size:12px"">---------- Forwarded message ----------<br>From: Client Manager &lt;clientmanager@theledger.com&gt;<br>Subject: Resource confirmation - Ledger - Ads</p><p>Please confirm the above for Ledger - Ads.</p><p>Regards,<br>Client Manager</p></div>",assignment
atirek@brightwavelabs.com,people@brightwavelabs.com,clientmanager@theledger.com,2026-03-04,2026-03-04T15:12:00,Fwd: Team onboarding - Ledger - Ads,"<div style=""font-family:Arial,sans-serif;font-size:14px""><p>Hi People Team,</p><p>Please note the following resources are being onboarded to <b>Ledger - Ads</b> (Ledger) effective <b>2026-03-04</b>.</p><table style=""border-collapse:collapse;margin:10px 0""><tr style=""background:#f5f5f5""><th style=""padding:4px 12px;border:1px solid #ddd"">Name</th><th style=""padding:4px 12px;border:1px solid #ddd"">Project</th><th style=""padding:4px 12px;border:1px solid #ddd"">Start Date</th></tr><tr><td style=""padding:4px 12px;border:1px solid #ddd"">Sagar Yadav</td><td style=""padding:4px 12px;border:1px solid #ddd"">Ledger - Ads</td><td style=""padding:4px 12px;border:1px solid #ddd"">2026-03-04</td></tr><tr><td style=""padding:4px 12px;border:1px solid #ddd"">Ashutosh Salodkar</td><td style=""padding:4px 12px;border:1px solid #ddd"">Ledger - Ads</td><td style=""padding:4px 12px;border:1px solid #ddd"">2026-03-04</td></tr></table><hr style=""border:none;border-top:1px solid #ccc""><p style=""color:#666;font-size:12px"">---------- Forwarded message ----------<br>From: Client Manager &lt;clientmanager@theledger.com&gt;<br>Subject: Resource confirmation - Ledger - Ads</p><p>Please confirm the above for Ledger - Ads.</p><p>Regards,<br>Client Manager</p></div>",assignment
atirek@brightwavelabs.com,people@brightwavelabs.com,clientmanager@theledger.com,2026-03-03,2026-03-03T08:16:00,Fwd: Team onboarding - Ledger,"<div style=""font-family:Arial,sans-serif;font-size:14px""><p>Hi People Team,</p><p>Please note the following resources are being onboarded to <b>Ledger - In Life</b> (Ledger) effective <b>2026-03-03</b>.</p><table style=""border-collapse:collapse;margin:10px 0""><tr style=""background:#f5f5f5""><th style=""padding:4px 12px;border:1px solid #ddd"">Name</th><th style=""padding:4px 12px;border:1px solid #ddd"">Project</th><th style=""padding:4px 12px;border:1px solid #ddd"">Start Date</th></tr><tr><td style=""padding:4px 12px;border:1px solid #ddd"">Mahesh</td><td style=""padding:4px 12px;border:1px solid #ddd"">Ledger - In Life</td><td style=""padding:4px 12px;border:1px solid #ddd"">2026-03-03</td></tr><tr><td style=""padding:4px 12px;border:1px solid #ddd"">Santosh Mudavat</td><td style=""padding:4px 12px;border:1px solid #ddd"">Ledger - In Life</td><td style=""padding:4px 12px;border:1px solid #ddd"">2026-03-03</td></tr></table><hr style=""border:none;border-top:1px solid #ccc""><p style=""color:#666;font-size:12px"">---------- Forwarded message ----------<br>From: Client Manager &lt;clientmanager@theledger.com&gt;<br>Subject: Resource confirmation - Ledger</p><p>Please confirm the above for Ledger.</p><p>Regards,<br>Client Manager</p></div>",assignment
atirek@brightwavelabs.com,people@brightwavelabs.com,clientmanager@theledger.com,2026-03-03,2026-03-03T14:02:00,Fwd: Rekha joining Ledger - In Life,"<div style=""font-family:Arial,sans-serif;font-size:14px""><p>Hi People Team,</p><p>Please note the following resource is being onboarded to <b>Ledger - In Life</b> (Ledger) effective <b>2026-03-03</b>.</p><table style=""border-collapse:collapse;margin:10px 0""><tr style=""background:#f5f5f5""><th style=""padding:4px 12px;border:1px solid #ddd"">Name</th><th style=""padding:4px 12px;border:1px solid #ddd"">Project</th><th style=""padding:4px 12px;border:1px solid #ddd"">Start Date</th></tr><tr><td style=""padding:4px 12px;border:1px solid #ddd"">Rekha</td><td style=""padding:4px 12px;border:1px solid #ddd"">Ledger - In Life</td><td style=""padding:4px 12px;border:1px solid #ddd"">2026-03-03</td></tr></table><hr style=""border:none;border-top:1px solid #ccc""><p style=""color:#666;font-size:12px"">---------- Forwarded message ----------<br>From: Client Manager &lt;clientmanager@theledger.com&gt;<br>Subject: Resource confirmation - Ledger - In Life</p><p>Please confirm the above for Ledger - In Life.</p><p>Regards,<br>Client Manager</p></div>",assignment
anand@brightwavelabs.com,people@brightwavelabs.com,atirek@brightwavelabs.com,2026-03-03,2026-03-03T14:48:00,Fwd: Team onboarding - Team Beach,"<div style=""font-family:Arial,sans-serif;font-size:14px""><p>Hi People Team,</p><p>Please note the following resources are being onboarded to <b>Team Beach</b> (Brightwave Labs) effective <b>2026-03-03</b>.</p><table style=""border-collapse:collapse;margin:10px 0""><tr style=""background:#f5f5f5""><th style=""padding:4px 12px;border:1px solid #ddd"">Name</th><th style=""padding:4px 12px;border:1px solid #ddd"">Project</th><th style=""padding:4px 12px;border:1px solid #ddd"">Start Date</th></tr><tr><td style=""padding:4px 12px;border:1px solid #ddd"">Atharva Farkade</td><td style=""padding:4px 12px;border:1px solid #ddd"">Team Beach</td><td style=""padding:4px 12px;border:1px solid #ddd"">2026-03-03</td></tr><tr><td style=""padding:4px 12px;border:1px solid #ddd"">Sakshi</td><td style=""padding:4px 12px;border:1px solid #ddd"">Team Beach</td><td style=""padding:4px 12px;border:1px solid #ddd"">2026-03-03</td></tr><tr><td style=""padding:4px 12px;border:1px solid #ddd"">Satyam</td><td style=""padding:4px 12px;border:1px solid #ddd"">Team Beach</td><td style=""padding:4px 12px;border:1px solid #ddd"">2026-03-03</td></tr><tr><td style=""padding:4px 12px;border:1px solid #ddd"">Saroj</td><td style=""padding:4px 12px;border:1px solid #ddd"">Team Beach</td><td style=""padding:4px 12px;border:1px solid #ddd"">2026-03-03</td></tr><tr><td style=""padding:4px 12px;border:1px solid #ddd"">Animesh</td><td style=""padding:4px 12px;border:1px solid #ddd"">Team Beach</td><td style=""padding:4px 12px;border:1px solid #ddd"">2026-03-03</td></tr></table><hr style=""border:none;border-top:1px solid #ccc""><p style=""color:#666;font-size:12px"">---------- Forwarded message ----------<br>From: Atirek &lt;atirek@brightwavelabs.com&gt;<br>Subject: Resource confirmation - Team Beach</p><p>Please confirm the above for Team Beach.</p><p>Regards,<br>Atirek</p></div>",assignment
anand@brightwavelabs.com,people@brightwavelabs.com,clientmanager@bettercroft.com,2026-03-04,2026-03-04T17:39:00,Fwd: Team onboarding - Bettercroft - Java Upgrade,"<div style=""font-family:Arial,sans-serif;font-size:14px""><p>Hi People Team,</p><p>Please note the following resources are being onboarded to <b>Bettercroft - Java Upgrade</b> (Bettercroft) effective <b>2026-03-04</b>.</p><table style=""border-collapse:collapse;margin:10px 0""><tr style=""background:#f5f5f5""><th style=""padding:4px 12px;border:1px solid #ddd"">Name</th><th style=""padding:4px 12px;border:1px solid #ddd"">Project</th><th style=""padding:4px 12px;border:1px solid #ddd"">Start Date</th></tr><tr><td style=""padding:4px 12px;border:1px solid #ddd"">Amit Kumar</td><td style=""padding:4px 12px;border:1px solid #ddd"">Bettercroft - Java Upgrade</td><td style=""padding:4px 12px;border:1px solid #ddd"">2026-03-04</td></tr><tr><td style=""padding:4px 12px;border:1px solid #ddd"">Prathamesh</td><td style=""padding:4px 12px;border:1px solid #ddd"">Bettercroft - Java Upgrade</td><td style=""padding:4px 12px;border:1px solid #ddd"">2026-03-04</td></tr></table><hr style=""border:none;border-top:1px solid #ccc""><p style=""color:#666;font-size:12px"">---------- Forwarded message ----------<br>From: Kiran &lt;clientmanager@bettercroft.com&gt;<br>Subject: Resource confirmation - Bettercroft - Java Upgrade</p><p>Please confirm the above for Bettercroft - Java Upgrade.</p><p>Regards,<br>Kiran</p></div>",assignment
anand@brightwavelabs.com,people@brightwavelabs.com,clientmanager@bettercroft.com,2026-03-04,2026-03-04T11:40:00,Fwd: Onkar Date joining Bettercroft - Java Upgrade,"<div style=""font-family:Arial,sans-serif;font-size:14px""><p>Hi People Team,</p><p>Please note the following resource is being onboarded to <b>Bettercroft - Java Upgrade</b> (Bettercroft) effective <b>2026-03-04</b>.</p><table style=""border-collapse:collapse;margin:10px 0""><tr style=""background:#f5f5f5""><th style=""padding:4px 12px;border:1px solid #ddd"">Name</th><th style=""padding:4px 12px;border:1px solid #ddd"">Project</th><th style=""padding:4px 12px;border:1px solid #ddd"">Start Date</th></tr><tr><td style=""padding:4px 12px;border:1px solid #ddd"">Onkar Date</td><td style=""padding:4px 12px;border:1px solid #ddd"">Bettercroft - Java Upgrade</td><td style=""padding:4px 12px;border:1px solid #ddd"">2026-03-04</td></tr></table><hr style=""border:none;border-top:1px solid #ccc""><p style=""color:#666;font-size:12px"">---------- Forwarded message ----------<br>From: Kiran &lt;clientmanager@bettercroft.com&gt;<br>Subject: Resource confirmation - Bettercroft - Java Upgrade</p><p>Please confirm the above for Bettercroft - Java Upgrade.</p><p>Regards,<br>Kiran</p></div>",assignment
atirek@brightwavelabs.com,people@brightwavelabs.com,clientmanager@kredora.com,2026-03-02,2026-03-02T16:29:00,Fwd: Team onboarding - Kredora,"<div style=""font-family:Arial,sans-serif;font-size:14px""><p>Hi People Team,</p><p>Please note the following resources are being onboarded to <b>Kredora</b> (Kredora) effective <b>2026-03-02</b>.</p><table style=""border-collapse:collapse;margin:10px 0""><tr style=""background:#f5f5f5""><th style=""padding:4px 12px;border:1px solid #ddd"">Name</th><th style=""padding:4px 12px;border:1px solid #ddd"">Project</th><th style=""padding:4px 12px;border:1px solid #ddd"">Start Date</th></tr><tr><td style=""padding:4px 12px;border:1px solid #ddd"">Gaurav Shewale</td><td style=""padding:4px 12px;border:1px solid #ddd"">Kredora</td><td style=""padding:4px 12px;border:1px solid #ddd"">2026-03-02</td></tr><tr><td style=""padding:4px 12px;border:1px solid #ddd"">Manish</td><td style=""padding:4px 12px;border:1px solid #ddd"">Kredora</td><td style=""padding:4px 12px;border:1px solid #ddd"">2026-03-02</td></tr></table><hr style=""border:none;border-top:1px solid #ccc""><p style=""color:#666;font-size:12px"">---------- Forwarded message ----------<br>From: Client Manager &lt;clientmanager@kredora.com&gt;<br>Subject: Resource confirmation - Kredora</p><p>Please confirm the above for Kredora.</p><p>Regards,<br>Client Manager</p></div>",assignment
atirek@brightwavelabs.com,people@brightwavelabs.com,clientmanager@kredora.com,2026-03-02,2026-03-02T12:01:00,Fwd: Riyaz joining Kredora,"<div style=""font-family:Arial,sans-serif;font-size:14px""><p>Hi People Team,</p><p>Please note the following resource is being onboarded to <b>Kredora</b> (Kredora) effective <b>2026-03-02</b>.</p><table style=""border-collapse:collapse;margin:10px 0""><tr style=""background:#f5f5f5""><th style=""padding:4px 12px;border:1px solid #ddd"">Name</th><th style=""padding:4px 12px;border:1px solid #ddd"">Project</th><th style=""padding:4px 12px;border:1px solid #ddd"">Start Date</th></tr><tr><td style=""padding:4px 12px;border:1px solid #ddd"">Riyaz</td><td style=""padding:4px 12px;border:1px solid #ddd"">Kredora</td><td style=""padding:4px 12px;border:1px solid #ddd"">2026-03-02</td></tr></table><hr style=""border:none;border-top:1px solid #ccc""><p style=""color:#666;font-size:12px"">---------- Forwarded message ----------<br>From: Client Manager &lt;clientmanager@kredora.com&gt;<br>Subject: Resource confirmation - Kredora</p><p>Please confirm the above for Kredora.</p><p>Regards,<br>Client Manager</p></div>",assignment
anand@brightwavelabs.com,people@brightwavelabs.com,clientmanager@parcelly.com,2026-03-04,2026-03-04T14:14:00,Fwd: Rishabh joining Parcelly - Shipping Squad,"<div style=""font-family:Arial,sans-serif;font-size:14px""><p>Hi People Team,</p><p>Please note the following resource is being onboarded to <b>Parcelly - Shipping Squad</b> (Parcelly) effective <b>2026-03-04</b>.</p><table style=""border-collapse:collapse;margin:10px 0""><tr style=""background:#f5f5f5""><th style=""padding:4px 12px;border:1px solid #ddd"">Name</th><th style=""padding:4px 12px;border:1px solid #ddd"">Project</th><th style=""padding:4px 12px;border:1px solid #ddd"">Start Date</th></tr><tr><td style=""padding:4px 12px;border:1px solid #ddd"">Rishabh</td><td style=""padding:4px 12px;border:1px solid #ddd"">Parcelly - Shipping Squad</td><td style=""padding:4px 12px;border:1px solid #ddd"">2026-03-04</td></tr></table><hr style=""border:none;border-top:1px solid #ccc""><p style=""color:#666;font-size:12px"">---------- Forwarded message ----------<br>From: Client Manager &lt;clientmanager@parcelly.com&gt;<br>Subject: Resource confirmation - Parcelly - Shipping Squad</p><p>Please confirm the above for Parcelly - Shipping Squad.</p><p>Regards,<br>Client Manager</p></div>",assignment
atirek@brightwavelabs.com,people@brightwavelabs.com,clientmanager@parcelly.com,2026-03-04,2026-03-04T12:47:00,Fwd: Team onboarding - Parcelly,"<div style=""font-family:Arial,sans-serif;font-size:14px""><p>Hi People Team,</p><p>Please note the following resources are being onboarded to <b>Parcelly - Rate Card</b> (Parcelly) effective <b>2026-03-04</b>.</p><table style=""border-collapse:collapse;margin:10px 0""><tr style=""background:#f5f5f5""><th style=""padding:4px 12px;border:1px solid #ddd"">Name</th><th style=""padding:4px 12px;border:1px solid #ddd"">Project</th><th style=""padding:4px 12px;border:1px solid #ddd"">Start Date</th></tr><tr><td style=""padding:4px 12px;border:1px solid #ddd"">Gaurav</td><td style=""padding:4px 12px;border:1px solid #ddd"">Parcelly - Rate Card</td><td style=""padding:4px 12px;border:1px solid #ddd"">2026-03-04</td></tr><tr><td style=""padding:4px 12px;border:1px solid #ddd"">Nayab</td><td style=""padding:4px 12px;border:1px solid #ddd"">Parcelly - Rate Card</td><td style=""padding:4px 12px;border:1px solid #ddd"">2026-03-04</td></tr></table><hr style=""border:none;border-top:1px solid #ccc""><p style=""color:#666;font-size:12px"">---------- Forwarded message ----------<br>From: Client Manager &lt;clientmanager@parcelly.com&gt;<br>Subject: Resource confirmation - Parcelly</p><p>Please confirm the above for Parcelly.</p><p>Regards,<br>Client Manager</p></div>",assignment
clientmanager@bettercroft.com,people@brightwavelabs.com,onkar.date@brightwavelabs.com,2026-03-21,2026-03-21T08:21:00,Approval: Extra time for Onkar.Date on Bettercroft - Java Upgrade - 2026-03-21,"<div style=""font-family:Arial,sans-serif;font-size:14px""><p>Hi,</p><p>This is to confirm that <b>Onkar.Date</b> is approved to work extra hours on <b>Bettercroft - Java Upgrade</b> this weekend (2026-03-21).</p><p>Please ensure the hours are tracked and billed accordingly.</p><p>Thanks,<br>Kiran<br><span style=""color:#888;font-size:12px"">Client Manager, Bettercroft</span></p></div>",extra_time
clientmanager@summitcapital.com,people@brightwavelabs.com,saunak.adhikari@brightwavelabs.com,2026-03-28,2026-03-28T09:32:00,Approval: Extra time for Saunak.Adhikari on Summit Capital - Main - 2026-03-28,"<div style=""font-family:Arial,sans-serif;font-size:14px""><p>Hi,</p><p>This is to confirm that <b>Saunak.Adhikari</b> is approved to work extra hours on <b>Summit Capital - Main</b> this weekend (2026-03-28).</p><p>Please ensure the hours are tracked and billed accordingly.</p><p>Thanks,<br>Client Manager<br><span style=""color:#888;font-size:12px"">Client Manager, Summit</span></p></div>",extra_time
atirek@brightwavelabs.com,people@brightwavelabs.com,atirek@brightwavelabs.com,2026-03-03,2026-03-03T10:57:00,Holiday Notice: Holi (2026-03-03) - Brightwave Labs,"<div style=""font-family:Arial,sans-serif;font-size:14px""><p>Hi Team,</p><p>Please note that <b>2026-03-03</b> is a public holiday (<b>Holi</b>).</p><p>Our offices will be closed. <b>No billing for this day.</b></p><p>Regards,<br>Atirek<br><span style=""color:#888;font-size:12px"">Brightwave Labs</span></p></div>",client_holiday
clientmanager@nimbus.com,people@brightwavelabs.com,atirek@brightwavelabs.com,2026-03-03,2026-03-03T13:02:00,Holiday Notice: Holi (2026-03-03) - Nimbus,"<div style=""font-family:Arial,sans-serif;font-size:14px""><p>Hi Team,</p><p>Please note that <b>2026-03-03</b> is a public holiday (<b>Holi</b>).</p><p>Our offices will be closed. <b>No billing for this day.</b></p><p>Regards,<br>Client Manager<br><span style=""color:#888;font-size:12px"">Nimbus</span></p></div>",client_holiday
clientmanager@wellnest.com,people@brightwavelabs.com,atirek@brightwavelabs.com,2026-03-03,2026-03-03T14:42:00,Holiday Notice: Holi (2026-03-03) - Wellnest,"<div style=""font-family:Arial,sans-serif;font-size:14px""><p>Hi Team,</p><p>Please note that <b>2026-03-03</b> is a public holiday (<b>Holi</b>).</p><p>Our offices will be closed. <b>No billing for this day.</b></p><p>Regards,<br>Client Manager<br><span style=""color:#888;font-size:12px"">Wellnest</span></p></div>",client_holiday
clientmanager@mobiscape.com,people@brightwavelabs.com,atirek@brightwavelabs.com,2026-03-03,2026-03-03T10:06:00,Holiday Notice: Holi (2026-03-03) - Mobiscape,"<div style=""font-family:Arial,sans-serif;font-size:14px""><p>Hi Team,</p><p>Please note that <b>2026-03-03</b> is a public holiday (<b>Holi</b>).</p><p>Our offices will be closed. <b>No billing for this day.</b></p><p>Regards,<br>Client Manager<br><span style=""color:#888;font-size:12px"">Mobiscape</span></p></div>",client_holiday
clientmanager@summitcapital.com,people@brightwavelabs.com,atirek@brightwavelabs.com,2026-03-03,2026-03-03T17:41:00,Holiday Notice: Holi (2026-03-03) - Summit,"<div style=""font-family:Arial,sans-serif;font-size:14px""><p>Hi Team,</p><p>Please note that <b>2026-03-03</b> is a public holiday (<b>Holi</b>).</p><p>Our offices will be closed. <b>Brightwave Labs team may continue working and bill as usual.</b></p><p>Regards,<br>Client Manager<br><span style=""color:#888;font-size:12px"">Summit</span></p></div>",client_holiday
clientmanager@theledger.com,people@brightwavelabs.com,atirek@brightwavelabs.com,2026-03-03,2026-03-03T08:20:00,Holiday Notice: Holi (2026-03-03) - Ledger,"<div style=""font-family:Arial,sans-serif;font-size:14px""><p>Hi Team,</p><p>Please note that <b>2026-03-03</b> is a public holiday (<b>Holi</b>).</p><p>Our offices will be closed. <b>Brightwave Labs team may continue working and bill as usual.</b></p><p>Regards,<br>Client Manager<br><span style=""color:#888;font-size:12px"">Ledger</span></p></div>",client_holiday
clientmanager@bettercroft.com,people@brightwavelabs.com,atirek@brightwavelabs.com,2026-03-03,2026-03-03T14:45:00,Holiday Notice: Holi (2026-03-03) - Bettercroft,"<div style=""font-family:Arial,sans-serif;font-size:14px""><p>Hi Team,</p><p>Please note that <b>2026-03-03</b> is a public holiday (<b>Holi</b>).</p><p>Our offices will be closed. <b>No billing for this day.</b></p><p>Regards,<br>Kiran<br><span style=""color:#888;font-size:12px"">Bettercroft</span></p></div>",client_holiday
clientmanager@quotera.com,people@brightwavelabs.com,atirek@brightwavelabs.com,2026-03-03,2026-03-03T12:49:00,Holiday Notice: Holi (2026-03-03) - Quotera,"<div style=""font-family:Arial,sans-serif;font-size:14px""><p>Hi Team,</p><p>Please note that <b>2026-03-03</b> is a public holiday (<b>Holi</b>).</p><p>Our offices will be closed. <b>No billing for this day.</b></p><p>Regards,<br>Client Manager<br><span style=""color:#888;font-size:12px"">Quotera</span></p></div>",client_holiday
clientmanager@archway.com,people@brightwavelabs.com,atirek@brightwavelabs.com,2026-03-03,2026-03-03T09:49:00,Holiday Notice: Holi (2026-03-03) - Archway,"<div style=""font-family:Arial,sans-serif;font-size:14px""><p>Hi Team,</p><p>Please note that <b>2026-03-03</b> is a public holiday (<b>Holi</b>).</p><p>Our offices will be closed. <b>No billing for this day.</b></p><p>Regards,<br>Gopi<br><span style=""color:#888;font-size:12px"">Archway</span></p></div>",client_holiday
clientmanager@kredora.com,people@brightwavelabs.com,atirek@brightwavelabs.com,2026-03-03,2026-03-03T15:39:00,Holiday Notice: Holi (2026-03-03) - Kredora,"<div style=""font-family:Arial,sans-serif;font-size:14px""><p>Hi Team,</p><p>Please note that <b>2026-03-03</b> is a public holiday (<b>Holi</b>).</p><p>Our offices will be closed. <b>No billing for this day.</b></p><p>Regards,<br>Client Manager<br><span style=""color:#888;font-size:12px"">Kredora</span></p></div>",client_holiday
clientmanager@parcelly.com,people@brightwavelabs.com,atirek@brightwavelabs.com,2026-03-03,2026-03-03T16:45:00,Holiday Notice: Holi (2026-03-03) - Parcelly,"<div style=""font-family:Arial,sans-serif;font-size:14px""><p>Hi Team,</p><p>Please note that <b>2026-03-03</b> is a public holiday (<b>Holi</b>).</p><p>Our offices will be closed. <b>No billing for this day.</b></p><p>Regards,<br>Client Manager<br><span style=""color:#888;font-size:12px"">Parcelly</span></p></div>",client_holiday
atirek@brightwavelabs.com,people@brightwavelabs.com,atirek@brightwavelabs.com,2026-03-19,2026-03-19T11:43:00,Holiday Notice: Ugadi / Gudi Padwa (2026-03-19) - Brightwave Labs,"<div style=""font-family:Arial,sans-serif;font-size:14px""><p>Hi Team,</p><p>Please note that <b>2026-03-19</b> is a public holiday (<b>Ugadi / Gudi Padwa</b>).</p><p>Our offices will be closed. <b>No billing for this day.</b></p><p>Regards,<br>Atirek<br><span style=""color:#888;font-size:12px"">Brightwave Labs</span></p></div>",client_holiday
clientmanager@nimbus.com,people@brightwavelabs.com,atirek@brightwavelabs.com,2026-03-19,2026-03-19T08:56:00,Holiday Notice: Ugadi / Gudi Padwa (2026-03-19) - Nimbus,"<div style=""font-family:Arial,sans-serif;font-size:14px""><p>Hi Team,</p><p>Please note that <b>2026-03-19</b> is a public holiday (<b>Ugadi / Gudi Padwa</b>).</p><p>Our offices will be closed. <b>No billing for this day.</b></p><p>Regards,<br>Client Manager<br><span style=""color:#888;font-size:12px"">Nimbus</span></p></div>",client_holiday
clientmanager@wellnest.com,people@brightwavelabs.com,atirek@brightwavelabs.com,2026-03-19,2026-03-19T17:15:00,Holiday Notice: Ugadi / Gudi Padwa (2026-03-19) - Wellnest,"<div style=""font-family:Arial,sans-serif;font-size:14px""><p>Hi Team,</p><p>Please note that <b>2026-03-19</b> is a public holiday (<b>Ugadi / Gudi Padwa</b>).</p><p>Our offices will be closed. <b>Brightwave Labs team may continue working and bill as usual.</b></p><p>Regards,<br>Client Manager<br><span style=""color:#888;font-size:12px"">Wellnest</span></p></div>",client_holiday
clientmanager@mobiscape.com,people@brightwavelabs.com,atirek@brightwavelabs.com,2026-03-19,2026-03-19T16:06:00,Holiday Notice: Ugadi / Gudi Padwa (2026-03-19) - Mobiscape,"<div style=""font-family:Arial,sans-serif;font-size:14px""><p>Hi Team,</p><p>Please note that <b>2026-03-19</b> is a public holiday (<b>Ugadi / Gudi Padwa</b>).</p><p>Our offices will be closed. <b>No billing for this day.</b></p><p>Regards,<br>Client Manager<br><span style=""color:#888;font-size:12px"">Mobiscape</span></p></div>",client_holiday
clientmanager@summitcapital.com,people@brightwavelabs.com,atirek@brightwavelabs.com,2026-03-19,2026-03-19T08:44:00,Holiday Notice: Ugadi / Gudi Padwa (2026-03-19) - Summit,"<div style=""font-family:Arial,sans-serif;font-size:14px""><p>Hi Team,</p><p>Please note that <b>2026-03-19</b> is a public holiday (<b>Ugadi / Gudi Padwa</b>).</p><p>Our offices will be closed. <b>No billing for this day.</b></p><p>Regards,<br>Client Manager<br><span style=""color:#888;font-size:12px"">Summit</span></p></div>",client_holiday
clientmanager@theledger.com,people@brightwavelabs.com,atirek@brightwavelabs.com,2026-03-19,2026-03-19T10:05:00,Holiday Notice: Ugadi / Gudi Padwa (2026-03-19) - Ledger,"<div style=""font-family:Arial,sans-serif;font-size:14px""><p>Hi Team,</p><p>Please note that <b>2026-03-19</b> is a public holiday (<b>Ugadi / Gudi Padwa</b>).</p><p>Our offices will be closed. <b>Brightwave Labs team may continue working and bill as usual.</b></p><p>Regards,<br>Client Manager<br><span style=""color:#888;font-size:12px"">Ledger</span></p></div>",client_holiday
clientmanager@bettercroft.com,people@brightwavelabs.com,atirek@brightwavelabs.com,2026-03-19,2026-03-19T17:37:00,Holiday Notice: Ugadi / Gudi Padwa (2026-03-19) - Bettercroft,"<div style=""font-family:Arial,sans-serif;font-size:14px""><p>Hi Team,</p><p>Please note that <b>2026-03-19</b> is a public holiday (<b>Ugadi / Gudi Padwa</b>).</p><p>Our offices will be closed. <b>No billing for this day.</b></p><p>Regards,<br>Kiran<br><span style=""color:#888;font-size:12px"">Bettercroft</span></p></div>",client_holiday
clientmanager@quotera.com,people@brightwavelabs.com,atirek@brightwavelabs.com,2026-03-19,2026-03-19T12:37:00,Holiday Notice: Ugadi / Gudi Padwa (2026-03-19) - Quotera,"<div style=""font-family:Arial,sans-serif;font-size:14px""><p>Hi Team,</p><p>Please note that <b>2026-03-19</b> is a public holiday (<b>Ugadi / Gudi Padwa</b>).</p><p>Our offices will be closed. <b>No billing for this day.</b></p><p>Regards,<br>Client Manager<br><span style=""color:#888;font-size:12px"">Quotera</span></p></div>",client_holiday
clientmanager@archway.com,people@brightwavelabs.com,atirek@brightwavelabs.com,2026-03-19,2026-03-19T15:04:00,Holiday Notice: Ugadi / Gudi Padwa (2026-03-19) - Archway,"<div style=""font-family:Arial,sans-serif;font-size:14px""><p>Hi Team,</p><p>Please note that <b>2026-03-19</b> is a public holiday (<b>Ugadi / Gudi Padwa</b>).</p><p>Our offices will be closed. <b>Brightwave Labs team may continue working and bill as usual.</b></p><p>Regards,<br>Gopi<br><span style=""color:#888;font-size:12px"">Archway</span></p></div>",client_holiday
clientmanager@kredora.com,people@brightwavelabs.com,atirek@brightwavelabs.com,2026-03-19,2026-03-19T11:16:00,Holiday Notice: Ugadi / Gudi Padwa (2026-03-19) - Kredora,"<div style=""font-family:Arial,sans-serif;font-size:14px""><p>Hi Team,</p><p>Please note that <b>2026-03-19</b> is a public holiday (<b>Ugadi / Gudi Padwa</b>).</p><p>Our offices will be closed. <b>No billing for this day.</b></p><p>Regards,<br>Client Manager<br><span style=""color:#888;font-size:12px"">Kredora</span></p></div>",client_holiday
clientmanager@parcelly.com,people@brightwavelabs.com,atirek@brightwavelabs.com,2026-03-19,2026-03-19T10:55:00,Holiday Notice: Ugadi / Gudi Padwa (2026-03-19) - Parcelly,"<div style=""font-family:Arial,sans-serif;font-size:14px""><p>Hi Team,</p><p>Please note that <b>2026-03-19</b> is a public holiday (<b>Ugadi / Gudi Padwa</b>).</p><p>Our offices will be closed. <b>Brightwave Labs team may continue working and bill as usual.</b></p><p>Regards,<br>Client Manager<br><span style=""color:#888;font-size:12px"">Parcelly</span></p></div>",client_holiday
clientmanager@theledger.com,people@brightwavelabs.com,atirek@brightwavelabs.com;anand@brightwavelabs.com,2026-03-17,2026-03-17T08:26:00,Date Extension: Ledger - Ads - revised end date 2027-01-18,"<div style=""font-family:Arial,sans-serif;font-size:14px""><p>Hi,</p><p>We would like to extend the timeline for <b>Ledger - Ads</b>.</p><table style=""border-collapse:collapse;margin:10px 0""><tr><td style=""padding:4px 12px;border:1px solid #ddd""><b>Original End Date</b></td><td style=""padding:4px 12px;border:1px solid #ddd"">2026-12-31</td></tr><tr><td style=""padding:4px 12px;border:1px solid #ddd""><b>Revised End Date</b></td><td style=""padding:4px 12px;border:1px solid #ddd""><b>2027-01-18</b></td></tr></table><p>Please update your records accordingly.</p><p>Regards,<br>Client Manager<br><span style=""color:#888;font-size:12px"">Ledger</span></p></div>",date_extension
clientmanager@bettercroft.com,people@brightwavelabs.com,atirek@brightwavelabs.com;anand@brightwavelabs.com,2026-03-17,2026-03-17T14:30:00,Date Extension: Bettercroft - CRM - revised end date 2027-02-20,"<div style=""font-family:Arial,sans-serif;font-size:14px""><p>Hi,</p><p>We would like to extend the timeline for <b>Bettercroft - CRM</b>.</p><table style=""border-collapse:collapse;margin:10px 0""><tr><td style=""padding:4px 12px;border:1px solid #ddd""><b>Original End Date</b></td><td style=""padding:4px 12px;border:1px solid #ddd"">2026-12-31</td></tr><tr><td style=""padding:4px 12px;border:1px solid #ddd""><b>Revised End Date</b></td><td style=""padding:4px 12px;border:1px solid #ddd""><b>2027-02-20</b></td></tr></table><p>Please update your records accordingly.</p><p>Regards,<br>Kiran<br><span style=""color:#888;font-size:12px"">Bettercroft</span></p></div>",date_extension
clientmanager@quotera.com,people@brightwavelabs.com,atirek@brightwavelabs.com;anand@brightwavelabs.com,2026-03-17,2026-03-17T16:39:00,Date Extension: Quotera - revised end date 2027-02-28,"<div style=""font-family:Arial,sans-serif;font-size:14px""><p>Hi,</p><p>We would like to extend the timeline for <b>Quotera</b>.</p><table style=""border-collapse:collapse;margin:10px 0""><tr><td style=""padding:4px 12px;border:1px solid #ddd""><b>Original End Date</b></td><td style=""padding:4px 12px;border:1px solid #ddd"">2026-12-31</td></tr><tr><td style=""padding:4px 12px;border:1px solid #ddd""><b>Revised End Date</b></td><td style=""padding:4px 12px;border:1px solid #ddd""><b>2027-02-28</b></td></tr></table><p>Please update your records accordingly.</p><p>Regards,<br>Client Manager<br><span style=""color:#888;font-size:12px"">Quotera</span></p></div>",date_extension
clientmanager@archway.com,people@brightwavelabs.com,atirek@brightwavelabs.com;anand@brightwavelabs.com,2026-03-17,2026-03-17T15:51:00,Date Extension: Canvara Archway - revised end date 2027-01-22,"<div style=""font-family:Arial,sans-serif;font-size:14px""><p>Hi,</p><p>We would like to extend the timeline for <b>Canvara Archway</b>.</p><table style=""border-collapse:collapse;margin:10px 0""><tr><td style=""padding:4px 12px;border:1px solid #ddd""><b>Original End Date</b></td><td style=""padding:4px 12px;border:1px solid #ddd"">2026-12-31</td></tr><tr><td style=""padding:4px 12px;border:1px solid #ddd""><b>Revised End Date</b></td><td style=""padding:4px 12px;border:1px solid #ddd""><b>2027-01-22</b></td></tr></table><p>Please update your records accordingly.</p><p>Regards,<br>Gopi<br><span style=""color:#888;font-size:12px"">Archway</span></p></div>",date_extension
clientmanager@kredora.com,people@brightwavelabs.com,atirek@brightwavelabs.com;anand@brightwavelabs.com,2026-03-17,2026-03-17T11:50:00,Date Extension: Kredora - revised end date 2027-02-13,"<div style=""font-family:Arial,sans-serif;font-size:14px""><p>Hi,</p><p>We would like to extend the timeline for <b>Kredora</b>.</p><table style=""border-collapse:collapse;margin:10px 0""><tr><td style=""padding:4px 12px;border:1px solid #ddd""><b>Original End Date</b></td><td style=""padding:4px 12px;border:1px solid #ddd"">2026-12-31</td></tr><tr><td style=""padding:4px 12px;border:1px solid #ddd""><b>Revised End Date</b></td><td style=""padding:4px 12px;border:1px solid #ddd""><b>2027-02-13</b></td></tr></table><p>Please update your records accordingly.</p><p>Regards,<br>Client Manager<br><span style=""color:#888;font-size:12px"">Kredora</span></p></div>",date_extension
clientmanager@parcelly.com,people@brightwavelabs.com,atirek@brightwavelabs.com;anand@brightwavelabs.com,2026-03-17,2026-03-17T13:45:00,Date Extension: Parcelly - Shipping Squad - revised end date 2026-11-17,"<div style=""font-family:Arial,sans-serif;font-size:14px""><p>Hi,</p><p>We would like to extend the timeline for <b>Parcelly - Shipping Squad</b>.</p><table style=""border-collapse:collapse;margin:10px 0""><tr><td style=""padding:4px 12px;border:1px solid #ddd""><b>Original End Date</b></td><td style=""padding:4px 12px;border:1px solid #ddd"">2026-09-30</td></tr><tr><td style=""padding:4px 12px;border:1px solid #ddd""><b>Revised End Date</b></td><td style=""padding:4px 12px;border:1px solid #ddd""><b>2026-11-17</b></td></tr></table><p>Please update your records accordingly.</p><p>Regards,<br>Client Manager<br><span style=""color:#888;font-size:12px"">Parcelly</span></p></div>",date_extension
atirek@brightwavelabs.com,people@brightwavelabs.com,atirek@brightwavelabs.com;sidharth@brightwavelabs.com,2026-03-31,2026-03-31T16:37:00,Concern: Low hours for Sidharth on AI Workshops,"<div style=""font-family:Arial,sans-serif;font-size:14px""><p>Hi People Team,</p><p>We have noticed that <b>Sidharth</b> has logged significantly fewer hours than expected on <b>AI Workshops</b> this week.</p><table style=""border-collapse:collapse;margin:10px 0""><tr><td style=""padding:4px 12px;border:1px solid #ddd""><b>Expected</b></td><td style=""padding:4px 12px;border:1px solid #ddd"">40 hrs/week</td></tr><tr><td style=""padding:4px 12px;border:1px solid #ddd""><b>Actual</b></td><td style=""padding:4px 12px;border:1px solid #ddd;color:red""><b>17 hrs</b></td></tr></table><p>Could you please look into this and revert?</p><p>Regards,<br>Atirek<br><span style=""color:#888;font-size:12px"">Client Manager, Brightwave Labs</span></p></div>",escalation
atirek@brightwavelabs.com,people@brightwavelabs.com,atirek@brightwavelabs.com;vishnu.nair@brightwavelabs.com,2026-03-31,2026-03-31T16:51:00,Concern: Low hours for Vishnu.Nair on AI Workshops,"<div style=""font-family:Arial,sans-serif;font-size:14px""><p>Hi People Team,</p><p>We have noticed that <b>Vishnu.Nair</b> has logged significantly fewer hours than expected on <b>AI Workshops</b> this week.</p><table style=""border-collapse:collapse;margin:10px 0""><tr><td style=""padding:4px 12px;border:1px solid #ddd""><b>Expected</b></td><td style=""padding:4px 12px;border:1px solid #ddd"">40 hrs/week</td></tr><tr><td style=""padding:4px 12px;border:1px solid #ddd""><b>Actual</b></td><td style=""padding:4px 12px;border:1px solid #ddd;color:red""><b>26 hrs</b></td></tr></table><p>Could you please look into this and revert?</p><p>Regards,<br>Atirek<br><span style=""color:#888;font-size:12px"">Client Manager, Brightwave Labs</span></p></div>",escalation
clientmanager@nimbus.com,people@brightwavelabs.com,atirek@brightwavelabs.com;shreyas.barhanpurkar@brightwavelabs.com,2026-03-31,2026-03-31T13:26:00,Concern: Low hours for Shreyas.Barhanpurkar on Nimbus Ether,"<div style=""font-family:Arial,sans-serif;font-size:14px""><p>Hi People Team,</p><p>We have noticed that <b>Shreyas.Barhanpurkar</b> has logged significantly fewer hours than expected on <b>Nimbus Ether</b> this week.</p><table style=""border-collapse:collapse;margin:10px 0""><tr><td style=""padding:4px 12px;border:1px solid #ddd""><b>Expected</b></td><td style=""padding:4px 12px;border:1px solid #ddd"">37 hrs/week</td></tr><tr><td style=""padding:4px 12px;border:1px solid #ddd""><b>Actual</b></td><td style=""padding:4px 12px;border:1px solid #ddd;color:red""><b>17 hrs</b></td></tr></table><p>Could you please look into this and revert?</p><p>Regards,<br>Client Manager<br><span style=""color:#888;font-size:12px"">Client Manager, Nimbus</span></p></div>",escalation
clientmanager@mobiscape.com,people@brightwavelabs.com,atirek@brightwavelabs.com;utkarsh.srivastava@brightwavelabs.com,2026-03-31,2026-03-31T14:38:00,Concern: Low hours for Utkarsh.Srivastava on Mobiscape - PII/PHI Detection,"<div style=""font-family:Arial,sans-serif;font-size:14px""><p>Hi People Team,</p><p>We have noticed that <b>Utkarsh.Srivastava</b> has logged significantly fewer hours than expected on <b>Mobiscape - PII/PHI Detection</b> this week.</p><table style=""border-collapse:collapse;margin:10px 0""><tr><td style=""padding:4px 12px;border:1px solid #ddd""><b>Expected</b></td><td style=""padding:4px 12px;border:1px solid #ddd"">38 hrs/week</td></tr><tr><td style=""padding:4px 12px;border:1px solid #ddd""><b>Actual</b></td><td style=""padding:4px 12px;border:1px solid #ddd;color:red""><b>25 hrs</b></td></tr></table><p>Could you please look into this and revert?</p><p>Regards,<br>Client Manager<br><span style=""color:#888;font-size:12px"">Client Manager, Mobiscape</span></p></div>",escalation
clientmanager@quotera.com,people@brightwavelabs.com,atirek@brightwavelabs.com;saunak.adhikari@brightwavelabs.com,2026-03-31,2026-03-31T08:40:00,Concern: Low hours for Saunak.Adhikari on Quotera,"<div style=""font-family:Arial,sans-serif;font-size:14px""><p>Hi People Team,</p><p>We have noticed that <b>Saunak.Adhikari</b> has logged significantly fewer hours than expected on <b>Quotera</b> this week.</p><table style=""border-collapse:collapse;margin:10px 0""><tr><td style=""padding:4px 12px;border:1px solid #ddd""><b>Expected</b></td><td style=""padding:4px 12px;border:1px solid #ddd"">36 hrs/week</td></tr><tr><td style=""padding:4px 12px;border:1px solid #ddd""><b>Actual</b></td><td style=""padding:4px 12px;border:1px solid #ddd;color:red""><b>19 hrs</b></td></tr></table><p>Could you please look into this and revert?</p><p>Regards,<br>Client Manager<br><span style=""color:#888;font-size:12px"">Client Manager, Quotera</span></p></div>",escalation
clientmanager@summitcapital.com,people@brightwavelabs.com,atirek@brightwavelabs.com;shubham.shukla@brightwavelabs.com,2026-03-31,2026-03-31T14:36:00,Concern: Low hours for Shubham.Shukla on Summit Capital - Migration Admin Apps,"<div style=""font-family:Arial,sans-serif;font-size:14px""><p>Hi People Team,</p><p>We have noticed that <b>Shubham.Shukla</b> has logged significantly fewer hours than expected on <b>Summit Capital - Migration Admin Apps</b> this week.</p><table style=""border-collapse:collapse;margin:10px 0""><tr><td style=""padding:4px 12px;border:1px solid #ddd""><b>Expected</b></td><td style=""padding:4px 12px;border:1px solid #ddd"">40 hrs/week</td></tr><tr><td style=""padding:4px 12px;border:1px solid #ddd""><b>Actual</b></td><td style=""padding:4px 12px;border:1px solid #ddd;color:red""><b>24 hrs</b></td></tr></table><p>Could you please look into this and revert?</p><p>Regards,<br>Client Manager<br><span style=""color:#888;font-size:12px"">Client Manager, Summit</span></p></div>",escalation
atirek@brightwavelabs.com,people@brightwavelabs.com,atirek@brightwavelabs.com;saroj@brightwavelabs.com,2026-03-31,2026-03-31T16:51:00,Concern: Low hours for Saroj on Team Beach,"<div style=""font-family:Arial,sans-serif;font-size:14px""><p>Hi People Team,</p><p>We have noticed that <b>Saroj</b> has logged significantly fewer hours than expected on <b>Team Beach</b> this week.</p><table style=""border-collapse:collapse;margin:10px 0""><tr><td style=""padding:4px 12px;border:1px solid #ddd""><b>Expected</b></td><td style=""padding:4px 12px;border:1px solid #ddd"">39 hrs/week</td></tr><tr><td style=""padding:4px 12px;border:1px solid #ddd""><b>Actual</b></td><td style=""padding:4px 12px;border:1px solid #ddd;color:red""><b>17 hrs</b></td></tr></table><p>Could you please look into this and revert?</p><p>Regards,<br>Atirek<br><span style=""color:#888;font-size:12px"">Client Manager, Brightwave Labs</span></p></div>",escalation
atirek@brightwavelabs.com,people@brightwavelabs.com,atirek@brightwavelabs.com;animesh@brightwavelabs.com,2026-03-31,2026-03-31T14:17:00,Concern: Low hours for Animesh on Team Beach,"<div style=""font-family:Arial,sans-serif;font-size:14px""><p>Hi People Team,</p><p>We have noticed that <b>Animesh</b> has logged significantly fewer hours than expected on <b>Team Beach</b> this week.</p><table style=""border-collapse:collapse;margin:10px 0""><tr><td style=""padding:4px 12px;border:1px solid #ddd""><b>Expected</b></td><td style=""padding:4px 12px;border:1px solid #ddd"">38 hrs/week</td></tr><tr><td style=""padding:4px 12px;border:1px solid #ddd""><b>Actual</b></td><td style=""padding:4px 12px;border:1px solid #ddd;color:red""><b>24 hrs</b></td></tr></table><p>Could you please look into this and revert?</p><p>Regards,<br>Atirek<br><span style=""color:#888;font-size:12px"">Client Manager, Brightwave Labs</span></p></div>",escalation
clientmanager@bettercroft.com,people@brightwavelabs.com,atirek@brightwavelabs.com;abhishek@brightwavelabs.com,2026-03-31,2026-03-31T16:15:00,Concern: Low hours for Abhishek on Bettercroft - CRM,"<div style=""font-family:Arial,sans-serif;font-size:14px""><p>Hi People Team,</p><p>We have noticed that <b>Abhishek</b> has logged significantly fewer hours than expected on <b>Bettercroft - CRM</b> this week.</p><table style=""border-collapse:collapse;margin:10px 0""><tr><td style=""padding:4px 12px;border:1px solid #ddd""><b>Expected</b></td><td style=""padding:4px 12px;border:1px solid #ddd"">35 hrs/week</td></tr><tr><td style=""padding:4px 12px;border:1px solid #ddd""><b>Actual</b></td><td style=""padding:4px 12px;border:1px solid #ddd;color:red""><b>18 hrs</b></td></tr></table><p>Could you please look into this and revert?</p><p>Regards,<br>Kiran<br><span style=""color:#888;font-size:12px"">Client Manager, Bettercroft</span></p></div>",escalation
clientmanager@bettercroft.com,people@brightwavelabs.com,atirek@brightwavelabs.com;jay@brightwavelabs.com,2026-03-31,2026-03-31T13:22:00,Concern: Low hours for Jay on Bettercroft - CRM,"<div style=""font-family:Arial,sans-serif;font-size:14px""><p>Hi People Team,</p><p>We have noticed that <b>Jay</b> has logged significantly fewer hours than expected on <b>Bettercroft - CRM</b> this week.</p><table style=""border-collapse:collapse;margin:10px 0""><tr><td style=""padding:4px 12px;border:1px solid #ddd""><b>Expected</b></td><td style=""padding:4px 12px;border:1px solid #ddd"">35 hrs/week</td></tr><tr><td style=""padding:4px 12px;border:1px solid #ddd""><b>Actual</b></td><td style=""padding:4px 12px;border:1px solid #ddd;color:red""><b>16 hrs</b></td></tr></table><p>Could you please look into this and revert?</p><p>Regards,<br>Kiran<br><span style=""color:#888;font-size:12px"">Client Manager, Bettercroft</span></p></div>",escalation
clientmanager@bettercroft.com,people@brightwavelabs.com,atirek@brightwavelabs.com;neel.chavan@brightwavelabs.com,2026-03-31,2026-03-31T15:32:00,Concern: Low hours for Neel.Chavan on Bettercroft - CRM,"<div style=""font-family:Arial,sans-serif;font-size:14px""><p>Hi People Team,</p><p>We have noticed that <b>Neel.Chavan</b> has logged significantly fewer hours than expected on <b>Bettercroft - CRM</b> this week.</p><table style=""border-collapse:collapse;margin:10px 0""><tr><td style=""padding:4px 12px;border:1px solid #ddd""><b>Expected</b></td><td style=""padding:4px 12px;border:1px solid #ddd"">35 hrs/week</td></tr><tr><td style=""padding:4px 12px;border:1px solid #ddd""><b>Actual</b></td><td style=""padding:4px 12px;border:1px solid #ddd;color:red""><b>25 hrs</b></td></tr></table><p>Could you please look into this and revert?</p><p>Regards,<br>Kiran<br><span style=""color:#888;font-size:12px"">Client Manager, Bettercroft</span></p></div>",escalation
clientmanager@kredora.com,people@brightwavelabs.com,atirek@brightwavelabs.com;manish.lath@brightwavelabs.com,2026-03-31,2026-03-31T09:12:00,Concern: Low hours for Manish.Lath on Kredora,"<div style=""font-family:Arial,sans-serif;font-size:14px""><p>Hi People Team,</p><p>We have noticed that <b>Manish.Lath</b> has logged significantly fewer hours than expected on <b>Kredora</b> this week.</p><table style=""border-collapse:collapse;margin:10px 0""><tr><td style=""padding:4px 12px;border:1px solid #ddd""><b>Expected</b></td><td style=""padding:4px 12px;border:1px solid #ddd"">36 hrs/week</td></tr><tr><td style=""padding:4px 12px;border:1px solid #ddd""><b>Actual</b></td><td style=""padding:4px 12px;border:1px solid #ddd;color:red""><b>15 hrs</b></td></tr></table><p>Could you please look into this and revert?</p><p>Regards,<br>Client Manager<br><span style=""color:#888;font-size:12px"">Client Manager, Kredora</span></p></div>",escalation
clientmanager@parcelly.com,people@brightwavelabs.com,atirek@brightwavelabs.com;rishabh.a@brightwavelabs.com,2026-03-31,2026-03-31T11:41:00,Concern: Low hours for Rishabh.A on Parcelly - Shipping Squad,"<div style=""font-family:Arial,sans-serif;font-size:14px""><p>Hi People Team,</p><p>We have noticed that <b>Rishabh.A</b> has logged significantly fewer hours than expected on <b>Parcelly - Shipping Squad</b> this week.</p><table style=""border-collapse:collapse;margin:10px 0""><tr><td style=""padding:4px 12px;border:1px solid #ddd""><b>Expected</b></td><td style=""padding:4px 12px;border:1px solid #ddd"">36 hrs/week</td></tr><tr><td style=""padding:4px 12px;border:1px solid #ddd""><b>Actual</b></td><td style=""padding:4px 12px;border:1px solid #ddd;color:red""><b>24 hrs</b></td></tr></table><p>Could you please look into this and revert?</p><p>Regards,<br>Client Manager<br><span style=""color:#888;font-size:12px"">Client Manager, Parcelly</span></p></div>",escalation
clientmanager@parcelly.com,people@brightwavelabs.com,atirek@brightwavelabs.com;gaurav@brightwavelabs.com,2026-03-31,2026-03-31T11:54:00,Concern: Low hours for Gaurav on Parcelly - Rate Card,"<div style=""font-family:Arial,sans-serif;font-size:14px""><p>Hi People Team,</p><p>We have noticed that <b>Gaurav</b> has logged significantly fewer hours than expected on <b>Parcelly - Rate Card</b> this week.</p><table style=""border-collapse:collapse;margin:10px 0""><tr><td style=""padding:4px 12px;border:1px solid #ddd""><b>Expected</b></td><td style=""padding:4px 12px;border:1px solid #ddd"">38 hrs/week</td></tr><tr><td style=""padding:4px 12px;border:1px solid #ddd""><b>Actual</b></td><td style=""padding:4px 12px;border:1px solid #ddd;color:red""><b>16 hrs</b></td></tr></table><p>Could you please look into this and revert?</p><p>Regards,<br>Client Manager<br><span style=""color:#888;font-size:12px"">Client Manager, Parcelly</span></p></div>",escalation
clientmanager@theledger.com,people@brightwavelabs.com,atirek@brightwavelabs.com;sagar.yadav@brightwavelabs.com,2026-03-31,2026-03-31T10:40:00,Concern: Low hours for Sagar.Yadav on Ledger - Ads,"<div style=""font-family:Arial,sans-serif;font-size:14px""><p>Hi People Team,</p><p>We have noticed that <b>Sagar.Yadav</b> has logged significantly fewer hours than expected on <b>Ledger - Ads</b> this week.</p><table style=""border-collapse:collapse;margin:10px 0""><tr><td style=""padding:4px 12px;border:1px solid #ddd""><b>Expected</b></td><td style=""padding:4px 12px;border:1px solid #ddd"">37 hrs/week</td></tr><tr><td style=""padding:4px 12px;border:1px solid #ddd""><b>Actual</b></td><td style=""padding:4px 12px;border:1px solid #ddd;color:red""><b>22 hrs</b></td></tr></table><p>Could you please look into this and revert?</p><p>Regards,<br>Client Manager<br><span style=""color:#888;font-size:12px"">Client Manager, Ledger</span></p></div>",escalation
clientmanager@bettercroft.com,people@brightwavelabs.com,atirek@brightwavelabs.com;arihant.hirawat@brightwavelabs.com,2026-03-31,2026-03-31T13:40:00,Concern: Low hours for Arihant.Hirawat on Bettercroft - CRM,"<div style=""font-family:Arial,sans-serif;font-size:14px""><p>Hi People Team,</p><p>We have noticed that <b>Arihant.Hirawat</b> has logged significantly fewer hours than expected on <b>Bettercroft - CRM</b> this week.</p><table style=""border-collapse:collapse;margin:10px 0""><tr><td style=""padding:4px 12px;border:1px solid #ddd""><b>Expected</b></td><td style=""padding:4px 12px;border:1px solid #ddd"">39 hrs/week</td></tr><tr><td style=""padding:4px 12px;border:1px solid #ddd""><b>Actual</b></td><td style=""padding:4px 12px;border:1px solid #ddd;color:red""><b>21 hrs</b></td></tr></table><p>Could you please look into this and revert?</p><p>Regards,<br>Kiran<br><span style=""color:#888;font-size:12px"">Client Manager, Bettercroft</span></p></div>",escalation
